{"eval_exact_match": 77.69157994323557, "eval_f1": 85.91608241453116}