{"eval_exact_match": 69.07514450867052, "eval_f1": 82.07109896492314}