{"eval_exact_match": 68.35443037974683, "eval_f1": 71.40639702813938}