{"eval_exact_match": 74.28571428571429, "eval_f1": 85.42525728240014}