{"eval_exact_match": 69.07514450867052, "eval_f1": 81.83988509209077}