{"eval_exact_match": 54.52247191011236, "eval_f1": 60.942296181092885}