{"eval_exact_match": 63.626189143816454, "eval_f1": 70.37650913173785}